<?xml version="1.0" encoding="UTF-8" standalone="yes"?>
<manifest>
  <control namespace="SPFileExplorer" constructor="SPFileExplorer" version="0.0.1" display-name-key="SharePoint Full File Explorer" description-key="Control enables seamless browsing of SharePoint documents in a manner similar to Windows Explorer. The user-friendly interface displays the entire folder hierarchy, offering the ability to quickly locate specific folders by name. This feature ensures swift access to the required files, enhancing overall efficiency." control-type="standard" api-version="1.3.4">
    <external-service-usage enabled="false"/>
    <data-set name="documentsDataSet" display-name-key="Documents Dataset" cds-data-set-options="displayCommandBar:true;displayViewSelector:true;displayQuickFindSearch:false"/>
    <resources>
      <code path="bundle.js" order="1"/>
      <css path="css/SPFileExplorer.css" order="1"/>
    </resources>
    <feature-usage>
      <uses-feature name="WebAPI" required="true"/>
    </feature-usage>
    <built-by name="pac" version="1.21.5"/>
  </control>
</manifest>